<?xml version="1.0" encoding="UTF-8"?>
<rss version="2.0" xmlns:atom="http://www.w3.org/2005/Atom">
    <channel>
        <title>Site Title</title>
        <description>Site description</description>      
        <link></link>
        <atom:link href="/feed.xml" rel="self" type="application/rss+xml" />
        
            <item>
                <title>لورم ایپسوم متن ساختگی با تولید سادگی نامفهوم</title>
                
                    <description>&lt;p&gt;از صنعت چاپ و با استفاده از طراحان گرافیک است. چاپگرها و متون بلکه روزنامه و مجله در ستون و سطرآنچنان که لازم است و برای شرایط فعلی تکنولوژی مورد نیاز و کاربردهای متنوع با هدف بهبود ابزارهای کاربردی می باشد. کتابهای زیادی در شصت و سه درصد گذشته، حال و آینده شناخت فراوان جامعه و متخصصان را می طلبد تا با نرم افزارها شناخت بیشتری را برای طراحان رایانه ای علی الخصوص طراحان خلاقی و فرهنگ پیشرو در زبان فارسی ایجاد کرد. در این صورت می توان امید داشت که تمام و دشواری موجود در ارائه راهکارها و شرایط سخت تایپ به پایان رسد وزمان مورد نیاز شامل حروفچینی دستاوردهای اصلی و جوابگوی سوالات پیوسته اهل دنیای موجود طراحی اساسا مورد استفاده قرار گیرد.&lt;/p&gt;

</description>
                
                <pubDate>Thu, 24 Mar 2016 00:00:00 +0430</pubDate>
                <link>/blog/2016/wescome-to-jekyll/</link>
                <guid isPermaLink="true">/blog/2016/wescome-to-jekyll/</guid>
            </item>
        
            <item>
                <title>Welcome to Jekyll!</title>
                
                    <description>&lt;p&gt;You’ll find this post in your &lt;code class=&quot;highlighter-rouge&quot;&gt;_posts&lt;/code&gt; directory.&lt;/p&gt;

</description>
                
                <pubDate>Wed, 23 Mar 2016 00:00:00 +0430</pubDate>
                <link>/blog/2016/welcome-to-jekyll.1/</link>
                <guid isPermaLink="true">/blog/2016/welcome-to-jekyll.1/</guid>
            </item>
        
            <item>
                <title>Older post</title>
                
                    <description>&lt;p&gt;Lorem ipsum dolor sit amet, consectetur adipiscing elit. Pellentesque vel nunc a lacus semper suscipit a id massa. Etiam vel nulla augue. Vestibulum ante ipsum primis in faucibus orci luctus et ultrices posuere cubilia Curae; Nullam mattis odio orci, non aliquam ipsum pretium eu. Nulla scelerisque vel neque vitae consequat. Donec molestie lectus eget rutrum tristique. Pellentesque iaculis augue aliquet, eleifend dolor eget, tempus metus. Ut faucibus quis erat sit amet pulvinar. Proin tristique mollis posuere. Praesent eget urna sit amet leo varius maximus non id nibh. Donec facilisis ante sit amet mauris feugiat iaculis. Integer ac urna neque.&lt;/p&gt;

</description>
                
                <pubDate>Tue, 22 Mar 2016 00:00:00 +0430</pubDate>
                <link>/blog/2016/lorem-ipsum/</link>
                <guid isPermaLink="true">/blog/2016/lorem-ipsum/</guid>
            </item>
        
    </channel>
</rss>
